{
  "name": "社畜6",
  "version": "5.1.3",
  "styleFileList": [],
  "scriptFileList": [],
  "tweeFileList": [],
  "additionFile": [],
  "imgFileList": [
    "img/clothes/face/censored/full.png",
    "img/clothes/face/censoredtwo/full.png",
    "img/clothes/face/dacapotwo/full.png",
    "img/clothes/lower/baomingg bottom/frayed.png",
    "img/clothes/lower/baomingg bottom/full.png",
    "img/clothes/lower/baomingg bottom/tattered.png",
    "img/clothes/lower/baomingg bottom/torn.png",
    "img/clothes/lower/dacapo bottom/frayed.png",
    "img/clothes/lower/dacapo bottom/full.png",
    "img/clothes/lower/dacapo bottom/tattered.png",
    "img/clothes/lower/dacapo bottom/torn.png",
    "img/clothes/lower/shileyuan bottom/frayed.png",
    "img/clothes/lower/shileyuan bottom/full.png",
    "img/clothes/lower/shileyuan bottom/tattered.png",
    "img/clothes/lower/shileyuan bottom/torn.png",
    "img/clothes/lower/zhengcai bottom/frayed.png",
    "img/clothes/lower/zhengcai bottom/full.png",
    "img/clothes/lower/zhengcai bottom/tattered.png",
    "img/clothes/lower/zhengcai bottom/torn.png",
    "img/clothes/upper/baomingg/frayed.png",
    "img/clothes/upper/baomingg/full.png",
    "img/clothes/upper/baomingg/hold.png",
    "img/clothes/upper/baomingg/left.png",
    "img/clothes/upper/baomingg/left_cover.png",
    "img/clothes/upper/baomingg/right.png",
    "img/clothes/upper/baomingg/right_cover.png",
    "img/clothes/upper/baomingg/tattered.png",
    "img/clothes/upper/baomingg/torn.png",
    "img/clothes/upper/dacapo/frayed.png",
    "img/clothes/upper/dacapo/full.png",
    "img/clothes/upper/dacapo/hold.png",
    "img/clothes/upper/dacapo/left.png",
    "img/clothes/upper/dacapo/left_cover.png",
    "img/clothes/upper/dacapo/right.png",
    "img/clothes/upper/dacapo/right_cover.png",
    "img/clothes/upper/dacapo/tattered.png",
    "img/clothes/upper/dacapo/torn.png",
    "img/clothes/upper/shileyuan/frayed.png",
    "img/clothes/upper/shileyuan/full.png",
    "img/clothes/upper/shileyuan/hold.png",
    "img/clothes/upper/shileyuan/left.png",
    "img/clothes/upper/shileyuan/left_cover.png",
    "img/clothes/upper/shileyuan/right.png",
    "img/clothes/upper/shileyuan/right_cover.png",
    "img/clothes/upper/shileyuan/tattered.png",
    "img/clothes/upper/shileyuan/torn.png",
    "img/clothes/upper/zhengcai/frayed.png",
    "img/clothes/upper/zhengcai/full.png",
    "img/clothes/upper/zhengcai/hold.png",
    "img/clothes/upper/zhengcai/left.png",
    "img/clothes/upper/zhengcai/left_cover.png",
    "img/clothes/upper/zhengcai/right.png",
    "img/clothes/upper/zhengcai/right_cover.png",
    "img/clothes/upper/zhengcai/tattered.png",
    "img/clothes/upper/zhengcai/torn.png"
  ],
  "addonPlugin": [
    {
      "modName": "ModdedClothesAddon",
      "addonName": "ModdedClothesAddon",
      "modVersion": "^1.1.0",
      "params": {
        "clothes": [
          {
            "key": "face",
            "filePath": "clothes/face.json"
          },
          {
            "key": "feet",
            "filePath": "clothes/feet.json"
          },
          {
            "key": "genitals",
            "filePath": "clothes/genitals.json"
          },
          {
            "key": "hands",
            "filePath": "clothes/hands.json"
          },
          {
            "key": "head",
            "filePath": "clothes/head.json"
          },
          {
            "key": "legs",
            "filePath": "clothes/legs.json"
          },
          {
            "key": "neck",
            "filePath": "clothes/neck.json"
          },
          {
            "key": "upper",
            "filePath": "clothes/upper.json"
          },
          {
            "key": "lower",
            "filePath": "clothes/lower.json"
          },
          {
            "key": "under_upper",
            "filePath": "clothes/under_upper.json"
          },
          {
            "key": "under_lower",
            "filePath": "clothes/under_lower.json"
          },
          {
            "key": "over_upper",
            "filePath": "clothes/over_upper.json"
          },
          {
            "key": "over_lower",
            "filePath": "clothes/over_lower.json"
          },
          {
            "key": "over_head",
            "filePath": "clothes/over_head.json"
          }
        ]
      }
    },
    {
      "modName": "ModLoader DoL ImageLoaderHook",
      "addonName": "ImageLoaderAddon",
      "modVersion": "^2.3.0",
      "params": []
    }
  ],
  "dependenceInfo": [
    {
      "modName": "ModdedClothesAddon",
      "version": "^1.1.0"
    },
    {
      "modName": "ModLoader DoL ImageLoaderHook",
      "version": "^2.3.0"
    }
  ]
}